<?xml version="1.0" encoding="UTF-8"?>
<beans:beans xmlns="http://www.springframework.org/schema/mvc"
	xmlns:xsi="http://www.w3.org/2001/XMLSchema-instance"
	xmlns:beans="http://www.springframework.org/schema/beans"
	xmlns:context="http://www.springframework.org/schema/context"
	xsi:schemaLocation="http://www.springframework.org/schema/mvc https://www.springframework.org/schema/mvc/spring-mvc.xsd
		http://www.springframework.org/schema/beans https://www.springframework.org/schema/beans/spring-beans.xsd
		http://www.springframework.org/schema/context https://www.springframework.org/schema/context/spring-context.xsd">

	<!-- DispatcherServlet Context: defines this servlet's request-processing infrastructure -->
	<!-- 인터셉터들 설정 -->
<!-- 	<interceptors> -->

		<!-- 개별 인터셉터 -->
<!-- 		<interceptor> -->
			<!-- 인터셉터가 절용될 URL -->
<!-- 			<mapping path="/interceptor/admin/**" /> -->
			<!-- 인터셉터가 적용되지 않도록 제외할 예외 페이지 -->
<!-- 			<exclude-mapping path="/interceptor/admin/fail"/> -->
			<!-- 인터셉터 클래스지정 -->
<!-- 			<beans:bean class="interceptor.interceptor.AdminInterceptor" /> -->
<!-- 		</interceptor> -->

		<!-- 개별 인터셉터 -->
<!-- 		<interceptor> -->
			<!-- 인터셉터가 절용될 URL -->
<!-- 			<mapping path="/interceptor/board/**" /> -->
			<!-- 인터셉터가 적용되지 않도록 제외할 예외 페이지 -->
<!-- 			<exclude-mapping path="/interceptor/board/noLogin"/> -->
<!-- 			<exclude-mapping path="/interceptor/board/list"/> -->
			
			<!-- 인터셉터 클래스지정 -->
<!-- 			<beans:bean class="interceptor.interceptor.BoardInterceptor" /> -->
<!-- 		</interceptor> -->
<!-- 	</interceptors> -->
		
	<!-- Enables the Spring MVC @Controller programming model -->
	<annotation-driven />

	<!-- Handles HTTP GET requests for /resources/** by efficiently serving up static resources in the ${webappRoot}/resources directory -->
	<resources mapping="/resources/**" location="/resources/" />
	<resources mapping="/upload/**" location="/upload/" />

	<!-- Resolves views selected for rendering by @Controllers to .jsp resources in the /WEB-INF/views directory -->
	<beans:bean class="org.springframework.web.servlet.view.InternalResourceViewResolver">
		<beans:property name="prefix" value="/WEB-INF/views/" />
		<beans:property name="suffix" value=".jsp" />
	
	<!-- ViewResolver 동작 우선순위 -->
		<beans:property name="order" value="1"/>	
	
	</beans:bean>
	
	<beans:bean class="org.springframework.web.servlet.view.BeanNameViewResolver">
	
		<!-- ViewResolver 동작 우선순위 -->
		<!-- 낮은 value값이 우선 동작한다 -->
		<beans:property name="order" value="0"/>

	</beans:bean>
	
	<!-- DownloadView 클래스를 스프링 빈으로 등록한다 -->
	<beans:bean id="down" class="com.pointhome.www.freeboard.view.DownloadView" />

	<!-- DownloadView클래스를 스피링 빈으로 등록 -->
<!-- 	<beans:bean id="down" class="file.view.DownloadView"/> -->
	
		<beans:bean id="multipartResolver" class="org.springframework.web.multipart.commons.CommonsMultipartResolver">
		<!-- 메모리에서 파일을 처리할 수 있는 최대 사이즈 : 1MB -->
		<beans:property name="maxInMemorySize" value="1048576"/>
		<!-- 파일 업로드 최대 허용 사이즈 : 10MB -->
		<beans:property name="maxUploadSize" value="10485760"/>
		<!-- 업로드된 파일 하나 당 사이즈 제한 : 5MB -->
		<beans:property name="maxUploadSizePerFile" value="5242880"/>
	
	</beans:bean>
	
	<context:component-scan base-package="
		com.pointhome.www.main.controller, 
		com.pointhome.www.main.service,
		com.pointhome.www.user.controller,
		com.pointhome.www.user.service
		com.pointhome.www.freeboard.controller,
		com.pointhome.www.freeboard.service,
		com.pointhome.www.mypage.controller,
		com.pointhome.www.mypage.service,
		com.pointhome.www.partner.controller,
		com.pointhome.www.partner.service,
		com.pointhome.www.user.kakao.controller,
		com.pointhome.www.user.kakao.service,
		com.pointhome.www.admin.controller,
		com.pointhome.www.admin.service
		" />
 
</beans:beans>