<?xml version="1.0" encoding="UTF-8"?>
<beans xmlns="http://www.springframework.org/schema/beans"
	xmlns:xsi="http://www.w3.org/2001/XMLSchema-instance"
	xsi:schemaLocation="http://www.springframework.org/schema/beans https://www.springframework.org/schema/beans/spring-beans.xsd">
	
	<!-- Root Context: defines shared resources visible to all other web components -->
	
	<!-- DB접속 정보 -->
  <bean id="dataSource" class="org.springframework.jdbc.datasource.DriverManagerDataSource">
       <property name="driverClassName" value="oracle.jdbc.driver.OracleDriver"/>
       <property name="url" value="jdbc:oracle:thin:@Point_medium?TNS_ADMIN=D:/Projects/FinalProject/Wallet_Point"/>
       <property name="username" value="admin"/>
       <property name="password" value="Point!@34!@34!@34"/>
   </bean>
	<!-- 마이바티스 수행 객체 설정 (SqlSession) -->
	<bean id="SqlSessionFactory" class="org.mybatis.spring.SqlSessionFactoryBean">
		
		<!-- 스프링 빈으로 등록된 dataSource를 이용한 DB접속 정보 설정 -->
		<property name="dataSource" ref="dataSource"/>
		<property name="configLocation">
			<value>	
				 classpath:/mybatis-config.xml
			</value>
		</property>
		<!-- mapper XML파일의 위치 설정-->
		<property name="mapperLocations">
			<array>
				<!-- ** : 모든 폴더 구조 -->
				<!-- * : 모든 단어 -->
				<value>classpath:/**/dao/**/*Mapper.xml</value>
			</array>
		</property>
	
	</bean>
	
	<!-- 마이바티스를 이용하는 인턴페이스 설정(DAO설정) -->
	<!-- Mapper XML의 newspace속성에 맞는 인터페이스를 찾는 패키지 -->
	<bean class="org.mybatis.spring.mapper.MapperScannerConfigurer">
		<property name="basePackage" value="com.pointhome.www.*.dao"/>
	</bean>
</beans>